Job,Department,Location,last checked
Business Development Representative,Sales,US-IL-Chicago,2019-11-30 15:33:16.161060
Chief Marketing Officer,Executive,US-IL-Chicago,2019-11-30 15:33:16.161060
Computer Vision Engineer,Development,US-IL-Chicago,2019-11-30 15:33:16.161060
Computer Vision Video Engineer,Development,US-IL-Chicago,2019-11-30 15:33:16.161060
Corporate Recruiter,Human Resources,US-IL-Chicago,2019-11-30 15:33:16.161060
Data Scientist/AI Scientist,Development,US-IL-Chicago,2019-11-30 15:33:16.161060
Executive Assistant,Admin,US-IL-Chicago,2019-11-30 15:33:16.161060
IT Help Desk Analyst,IT,US-IL-Chicago,2019-11-30 15:33:16.161060
Partner/Channel Program Manager,Sales,US-IL-Chicago,2019-11-30 15:33:16.161060
Sales Executive,Sales,US-IL-Chicago,2019-11-30 15:33:16.161060
Senior Sales Engineer,Sales,US-IL-Chicago,2019-11-30 15:33:16.161060
Software Engineer II,IT,US-IL-Chicago,2019-11-30 15:33:16.161060
Sr. Network Engineer,IT,US-IL-Chicago,2019-11-30 15:33:16.161060
Sr. Software Engineer,Development,US-IL-Chicago,2019-11-30 15:33:16.161060
Sr. UI/UX Designer,IT,US-IL-Chicago,2019-11-30 15:33:16.161060
